{"0": 1.2883084779078668, "1": 1.0923232867903239, "2": 3.400132396761185, "3": 2.9160828590329655, "4": 2.540423034494194, "5": 3.466634479879591, "6": 1.490423184992654, "7": 1.7103641925214508, "8": 1.3362734578876525, "9": 1.4893339816984177, "10": 1.868552842877697, "11": 1.5455289351789445, "12": 2.4607534763088483, "13": 2.750061447864637, "14": 1.1996521308862216, "15": 1.5987566167870824, "16": 2.766413377215854, "17": 1.7685546451580632, "18": 2.9740568008517907, "19": 2.8079721872457357, "20": 1.643616692740958, "21": 2.251444025585341, "22": 1.4898260132953745, "23": 4.049575909510138, "24": 1.7039474976119684, "25": 1.5076608054364455, "26": 1.9571654638997833, "27": 1.9574291951868807, "28": 1.0853361565128672, "29": 1.5046008734566625, "30": 1.89853795580474, "31": 1.5406024765729938, "32": 1.1458532508494863, "33": 1.9665947374666033, "34": 1.3328022870505034, "35": 3.0547175522913035, "36": 3.04212379828869, "37": 2.572333948354807, "38": 3.012436952005713, "39": 1.7103768159387611, "40": 1.4091297718018527, "41": 1.286163932471567, "42": 3.3943076653115316, "43": 2.9408884756433653, "44": 2.2566870722693593, "45": 1.2129072621616224, "46": 2.990558711413542, "47": 1.046931688571433, "48": 3.275237987401071, "49": 2.9450958611932756, "50": 2.7022446602645522, "51": 2.238551927468467, "52": 2.6451704040016875, "53": 1.6996822069391582, "54": 3.877272074049381, "55": 1.0926271844173738, "56": 1.4334714728940456, "57": 3.3477262512115695, "58": 3.1397986820450816, "59": 2.594457415434969, "60": 2.6802503569617095, "61": 3.1575830211568667, "62": 2.493391914327983, "63": 3.4098340286933944, "64": 3.391603754143964, "65": 3.4897066645133505, "66": 2.9010039203598277, "67": 2.4900968004200075, "68": 2.991835243064587, "69": 2.617042325516356, "70": 3.373963396559135, "71": 2.758539409778806, "72": 3.0417111335988314, "73": 3.597047462072742, "74": 2.99557262337, "75": 3.444998487277089, "76": 2.85011034042749, "77": 3.35350838376213, "78": 2.5117427360112052, "79": 2.7338451393935204, "80": 3.025134842260304, "81": 3.622114317735485, "82": 3.673539902799799, "83": 0.9774104942709496, "84": 1.615091593398547, "85": 1.490702421904878, "86": 2.6944125366765457, "87": 3.4741828419227367, "88": 1.2979549399531707, "89": 1.306937504719495, "90": 3.078389692191303, "91": 1.5875913644797368, "92": 1.3921233477991672, "93": 1.6274576185931018, "94": 1.6988789768393109, "95": 1.6961101272744668, "96": 1.4620567682750667, "97": 3.8857815516494214, "98": 2.027172258674928, "99": 1.5584116072682224, "100": 3.0930315787243012, "101": 0.8378597324681135, "102": 2.1808990866217735, "103": 2.6950745982722264, "104": 1.6453278922970147, "105": 1.317423381906989, "106": 3.2261601062106715, "107": 3.3928075099301895, "108": 3.5738019023632903, "109": 1.1726606104916388, "110": 3.225698894901426, "111": 1.1925886277232984, "112": 1.1546174986309254, "113": 2.536485179976798, "114": 3.216264950933061, "115": 1.808053694567883, "116": 1.222115912363569, "117": 1.6926920535433854, "118": 3.727481182105688, "119": 3.061587943463754, "120": 2.4728487890430637, "121": 1.20879389472935, "122": 1.7337813808180358, "123": 3.560749605571024, "124": 3.234038514398087, "125": 1.4074283580137394, "126": 1.6872400572039168, "127": 2.611036091212242, "128": 2.6564819304225975, "129": 2.8780357032836354, "130": 3.5278818807949412, "131": 1.0138543591687263, "132": 1.6122084269528625, "133": 3.0335027707896174, "134": 2.524593113151252, "135": 1.9160988605651585, "136": 1.3877855376548958, "137": 2.3066919615493267, "138": 1.5503444779799058, "139": 3.033653315233259, "140": 3.4316946358778337, "141": 3.024099111869299, "142": 1.3430048840193507, "143": 1.404365321897354, "144": 1.6553456501036965, "145": 2.915458269271139, "146": 1.3651399925109062, "147": 1.1885907826546092, "148": 1.9372027439799961, "149": 1.2215246578908232, "150": 4.163628524778822, "151": 1.532371636068797, "152": 1.7642267517142243, "153": 4.3740606883251125, "154": 3.116954031800926, "155": 2.448232822947693, "156": 3.300390924350142, "157": 3.0944078252152605, "158": 2.0388048568535693, "159": 3.1299252829705027, "160": 3.101134785816261, "161": 2.988679186946576, "162": 3.3881900563324696, "163": 1.759891960767519, "164": 4.069524501938378, "165": 1.9770753463382469, "166": 1.7796209209854492, "167": 3.6633847801095802, "168": 1.3459285307744682, "169": 1.5931035097626345, "170": 1.3779574901001457, "171": 2.5539787907103513, "172": 1.8839022295669476, "173": 2.530529583131913, "174": 1.0615085448906905, "175": 1.0551973880334782, "176": 1.8477166498544646, "177": 1.3315225605206862, "178": 1.2667203608415571, "179": 3.102769540385706, "180": 3.0465027290675475, "181": 1.412702908126446, "182": 1.0220004572379098, "183": 1.0216491608154499, "184": 2.897123539018305, "185": 1.2171233515551918, "186": 1.5382933724758383, "187": 3.6139866886095438, "188": 2.9788334555848848, "189": 1.567086897694572, "190": 1.0668407360748349, "191": 1.0578647353848536, "192": 2.8637310220593264, "193": 1.663753799950011, "194": 4.527882606475938, "195": 1.0389582159510682, "196": 3.632611759805591, "197": 3.1715109701901762, "198": 1.3216044153333149, "199": 1.2372959206520082, "200": 1.9050167857380236, "201": 1.830527866888339, "202": 3.336175065915713, "203": 3.139503528847003, "204": 1.401644110967466, "205": 2.9147030884609118, "206": 1.544321846212132, "207": 1.0800573085910519, "208": 3.7024596099255653, "209": 1.7450439127107527, "210": 1.9222776465939462, "211": 2.0290104633641506, "212": 2.137598322047187, "213": 3.6941791330851994, "214": 3.19824596149802, "215": 1.3290600109199577, "216": 3.7787189601537365, "217": 1.6784485117949495, "218": 1.6469276573390885, "219": 2.235631681346665, "220": 3.439902844971168, "221": 1.7560812722592694, "222": 1.8289028304357504, "223": 3.328754687612851, "224": 2.385104233557333, "225": 1.516650042684297, "226": 2.558058527956401, "227": 3.4051358528219886, "228": 3.0391305803256663, "229": 1.6666399425074587, "230": 1.5436275571911922, "231": 1.3565439008627282, "232": 2.9037169379913443, "233": 1.6734869315716112, "234": 1.976424370314192, "235": 2.647098201096295, "236": 1.4509691863706762, "237": 1.9330828731391008, "238": 1.681962127904101, "239": 1.201702575305666, "240": 1.906235701853059, "241": 1.4003322584861089, "242": 0.9818463876341565, "243": 2.8146872165900723, "244": 1.5406330737870713, "245": 2.277426037274184, "246": 1.2335394066738357, "247": 2.5327631015383876, "248": 1.3289789781141466, "249": 2.7063757814528864, "250": 3.0966801297871145, "251": 1.338028176276386, "252": 2.881619919045835, "253": 1.9504975934792703, "254": 3.4704369510911968, "255": 2.69445047466188, "256": 2.7624124577327884, "257": 1.0109697426220092, "258": 2.0706521808751814, "259": 1.0606842707853903, "260": 1.2748332769145683, "261": 2.3262309024821555, "262": 1.4844042680451632, "263": 1.3617902641592612, "264": 2.0549479770113153, "265": 2.763058652456585, "266": 3.547710457986861, "267": 3.5318059871690193, "268": 1.3697032343800446, "269": 3.5150252813513507, "270": 2.7236211075249783, "271": 2.1898309740724913, "272": 1.5430398704796662, "273": 1.1984652126627218, "274": 4.372550002815436, "275": 4.075978130815434, "276": 2.8772241998524124, "277": 3.7421763844140603, "278": 3.0966334527145456, "279": 2.8832538899604003, "280": 3.6193822756293184, "281": 3.537425495741485, "282": 3.6166058420457206, "283": 3.877472218003686, "284": 4.187840579620417, "285": 2.007456433627019, "286": 1.3523392993523744, "287": 2.125260557396059, "288": 3.9008388201146413, "289": 4.10507090103578, "290": 3.64202321144812, "291": 3.30514401197426, "292": 4.1188674586355045, "293": 2.948209560091688, "294": 3.2748097425539533, "295": 3.412836644472709, "296": 3.7033837944114847, "297": 2.5116851226002272, "298": 2.8779535455716556, "299": 2.669453873969684, "300": 3.770095604785443, "301": 3.1569459939902007, "302": 4.0634412350024105, "303": 4.6461203783259295, "304": 3.361241817256167,